{
    "loss": 1.3209494352340698,
    "accuracy": 0.9136690497398376
}