{
    "loss": 10.426072120666504,
    "accuracy": 0.5035971403121948
}